Index,PcEcPc,liEcPc,temperature,cond_mean,cond_min,cond_max,nearest_PcEcPc,nearest_liEcPc,nearest_liEcPc_min,nearest_liEcPc_max,nearest_conductivity,nearest_conductivity_min,nearest_conductivity_max,exact_prediction
0,0.098316619,0.87224212,-30,0.000803571,0.00056581,0.000918493,0.099454816,0.876797108,0.866704957,0.886889259,0.000814502,0.000839662,0.000789158,0.000824732
1,0.098369507,0.301443329,-30,0.001913292,0.001879416,0.001962358,0.099454816,0.30154451,0.291452359,0.31163666,0.001921337,0.001927271,0.001913223,0.001922895
2,0.098514549,0.252490738,-30,0.001866871,0.001833015,0.001912036,0.099454816,0.251083755,0.240991604,0.261175906,0.001924001,0.001914989,0.00192943,0.001926078
3,0.098538967,0.786373263,-30,0.001149002,0.000991213,0.001190313,0.099454816,0.785967751,0.7758756,0.796059901,0.001029424,0.001051395,0.001007047,0.001028222
4,0.098742297,0.274568453,-30,0.001906883,0.001880052,0.001959467,0.099454816,0.271268057,0.261175906,0.281360208,0.00193159,0.00192943,0.001930777,0.001932548
5,0.098742364,0.85447359,-30,0.00128498,0.000925613,0.0014614,0.099454816,0.856612807,0.846520656,0.866704957,0.000864583,0.000889219,0.000839662,0.000869211
6,0.098753423,0.797269059,-30,0.001151756,0.000946128,0.001250498,0.099454816,0.796059901,0.785967751,0.806152052,0.001007047,0.001029424,0.000984262,0.001004042
7,0.098821919,0.282487301,-30,0.001905772,0.00183372,0.002011111,0.099454816,0.281360208,0.271268057,0.291452359,0.001930777,0.00193159,0.001927271,0.001931341
8,0.098973291,0.290565767,-30,0.001871379,0.001842147,0.001893815,0.099454816,0.291452359,0.281360208,0.30154451,0.001927271,0.001930777,0.001921337,0.001928323
9,0.09923281,0.865168137,-30,0.001514935,0.000891362,0.001860708,0.099454816,0.866704957,0.856612807,0.876797108,0.000839662,0.000864583,0.000814502,0.000843262
10,0.10005633,0.797563723,-30,0.001271874,0.001119728,0.001325322,0.108610268,0.796059901,0.785967751,0.806152052,0.001010777,0.001032472,0.000988679,0.001003932
11,0.10013993,0.823472427,-30,0.001401985,0.001037225,0.001585983,0.099454816,0.826336354,0.816244203,0.836428505,0.000937491,0.000961073,0.000913532,0.000944649
12,0.100944341,0.83212906,-30,0.001281444,0.000977136,0.001462558,0.099454816,0.836428505,0.826336354,0.846520656,0.000913532,0.000937491,0.000889219,0.00092481
13,0.109512134,0.292150801,-30,0.001907339,0.001856671,0.00194992,0.108610268,0.291452359,0.281360208,0.30154451,0.001915406,0.001919224,0.001909193,0.001913917
14,0.110279441,0.271920445,-30,0.001898566,0.00184946,0.001939189,0.117765719,0.271268057,0.261175906,0.281360208,0.001909841,0.001908434,0.001908345,0.00191842
15,0.110478765,0.262004695,-30,0.001902005,0.001854328,0.001947659,0.117765719,0.261175906,0.251083755,0.271268057,0.001908434,0.00190383,0.001909841,0.001916737
16,0.323299518,0.280226177,-30,0.001835537,0.001814141,0.001851174,0.328341112,0.281360208,0.271268057,0.291452359,0.001772261,0.00177851,0.001763885,0.001774819
17,0.327887589,0.300625252,-30,0.001877512,0.001838416,0.001908189,0.328341112,0.30154451,0.291452359,0.31163666,0.001753631,0.001763885,0.001741735,0.0017548
18,0.330359239,0.273001711,-30,0.00181444,0.001776874,0.001853189,0.337496564,0.271268057,0.261175906,0.281360208,0.00177553,0.001779491,0.001769187,0.001776927
19,0.336842455,0.272217056,-30,0.00186569,0.001804698,0.001920853,0.337496564,0.271268057,0.261175906,0.281360208,0.00177553,0.001779491,0.001769187,0.00177524
20,0.33722314,0.301752066,-30,0.001883428,0.001855473,0.001934721,0.337496564,0.30154451,0.291452359,0.31163666,0.001750403,0.001760728,0.001738445,0.001750267
21,0.344755564,0.29358397,-30,0.001841472,0.00176386,0.001886852,0.346652016,0.291452359,0.281360208,0.30154451,0.001757711,0.001766245,0.00174732,0.001756279
22,0.346060962,0.284250375,-30,0.001826791,0.001776055,0.001892831,0.346652016,0.281360208,0.271268057,0.291452359,0.001766245,0.001772673,0.001757711,0.001764192
23,0.346792576,0.287756431,-30,0.00185964,0.001818045,0.00190766,0.355807467,0.291452359,0.281360208,0.30154451,0.001754826,0.001763428,0.001744377,0.001761019
24,0.098316619,0.87224212,-20,0.001486619,0.001117944,0.001656443,0.099454816,0.876797108,0.866704957,0.886889259,0.001568358,0.001599162,0.001537795,0.001583425
25,0.098369507,0.301443329,-20,0.002698441,0.00263156,0.002790352,0.099454816,0.30154451,0.291452359,0.31163666,0.002545912,0.002528164,0.002561754,0.002546052
26,0.098514549,0.252490738,-20,0.002608461,0.002555469,0.002674935,0.099454816,0.251083755,0.240991604,0.261175906,0.002437353,0.002409507,0.002463104,0.002441259
27,0.098538967,0.786373263,-20,0.001932165,0.001743694,0.002011565,0.099454816,0.785967751,0.7758756,0.796059901,0.001849735,0.001881009,0.001818362,0.001849348
28,0.098742297,0.274568453,-20,0.002691944,0.002651178,0.002774204,0.099454816,0.271268057,0.261175906,0.281360208,0.002486798,0.002463104,0.002508472,0.002494277
29,0.098742364,0.85447359,-20,0.002094794,0.001634243,0.002348408,0.099454816,0.856612807,0.846520656,0.866704957,0.001630169,0.00166134,0.001599162,0.001637496
30,0.098753423,0.797269059,-20,0.001966078,0.001686283,0.002111983,0.099454816,0.796059901,0.785967751,0.806152052,0.001818362,0.001849735,0.001786928,0.001815275
31,0.098821919,0.282487301,-20,0.002680915,0.0025768,0.002852828,0.099454816,0.281360208,0.271268057,0.291452359,0.002508472,0.002486798,0.002528164,0.002510929
32,0.098973291,0.290565767,-20,0.002659028,0.002612596,0.002698723,0.099454816,0.291452359,0.281360208,0.30154451,0.002528164,0.002508472,0.002545912,0.002526641
33,0.09923281,0.865168137,-20,0.002344265,0.001477814,0.002784326,0.099454816,0.866704957,0.856612807,0.876797108,0.001599162,0.001630169,0.001568358,0.001604102
34,0.10005633,0.797563723,-20,0.002145193,0.001945639,0.00226211,0.108610268,0.796059901,0.785967751,0.806152052,0.001809619,0.001841095,0.001778083,0.001813101
35,0.10013993,0.823472427,-20,0.002282159,0.001918875,0.002508598,0.099454816,0.826336354,0.816244203,0.836428505,0.00172403,0.001755472,0.00169264,0.001732268
36,0.100944341,0.83212906,-20,0.002078763,0.001680604,0.002370269,0.099454816,0.836428505,0.826336354,0.846520656,0.00169264,0.00172403,0.00166134,0.001704512
37,0.109512134,0.292150801,-20,0.002650266,0.002556525,0.002710934,0.108610268,0.291452359,0.281360208,0.30154451,0.002525731,0.002506188,0.00254333,0.002526772
38,0.110279441,0.271920445,-20,0.002665828,0.002594197,0.00275481,0.117765719,0.271268057,0.261175906,0.281360208,0.002482561,0.002459168,0.002503936,0.002485729
39,0.110478765,0.262004695,-20,0.002648979,0.002575342,0.002753646,0.117765719,0.261175906,0.251083755,0.271268057,0.002459168,0.00243372,0.002482561,0.00246273
40,0.323299518,0.280226177,-20,0.002573783,0.002534421,0.002647863,0.328341112,0.281360208,0.271268057,0.291452359,0.002459812,0.002441237,0.002476427,0.002458721
41,0.327887589,0.300625252,-20,0.002608402,0.002531689,0.002663279,0.328341112,0.30154451,0.291452359,0.31163666,0.002491122,0.002476427,0.002503933,0.002489952
42,0.330359239,0.273001711,-20,0.002485854,0.00242745,0.002540295,0.337496564,0.271268057,0.261175906,0.281360208,0.002439707,0.002419232,0.002458186,0.002444226
43,0.336842455,0.272217056,-20,0.002610302,0.002500457,0.002741413,0.337496564,0.271268057,0.261175906,0.281360208,0.002439707,0.002419232,0.002458186,0.002441638
44,0.33722314,0.301752066,-20,0.002619646,0.002571222,0.002699235,0.337496564,0.30154451,0.291452359,0.31163666,0.002489309,0.002474708,0.002502028,0.002489644
45,0.344755564,0.29358397,-20,0.002579791,0.00246605,0.00265156,0.346652016,0.291452359,0.281360208,0.30154451,0.002473011,0.002456581,0.002487522,0.002476588
46,0.346060962,0.284250375,-20,0.002553141,0.002473026,0.00267803,0.346652016,0.281360208,0.271268057,0.291452359,0.002456581,0.002438195,0.002473011,0.002461589
47,0.346792576,0.287756431,-20,0.002642263,0.002565818,0.002763866,0.355807467,0.291452359,0.281360208,0.30154451,0.002471338,0.002454997,0.00248576,0.002467194
48,0.098316619,0.87224212,-10,0.002386625,0.001865888,0.002616706,0.099454816,0.876797108,0.866704957,0.886889259,0.00243975,0.002479058,0.002400551,0.00245826
49,0.098369507,0.301443329,-10,0.003597504,0.003501182,0.003728939,0.099454816,0.30154451,0.291452359,0.31163666,0.003423144,0.003392021,0.003451735,0.00342243
50,0.098514549,0.252490738,-10,0.003436626,0.003361822,0.003525248,0.099454816,0.251083755,0.240991604,0.261175906,0.003241271,0.003196787,0.00328299,0.003246788
51,0.098538967,0.786373263,-10,0.00294161,0.002738259,0.003053012,0.099454816,0.785967751,0.7758756,0.796059901,0.002791854,0.002830051,0.002753349,0.002790816
52,0.098742297,0.274568453,-10,0.003573649,0.003508924,0.003703825,0.099454816,0.271268057,0.261175906,0.281360208,0.00332199,0.00328299,0.003358319,0.003333847
53,0.098742364,0.85447359,-10,0.003066651,0.002534752,0.003407806,0.099454816,0.856612807,0.846520656,0.866704957,0.002518428,0.002557813,0.002479058,0.002527245
54,0.098753423,0.797269059,-10,0.002974263,0.002624987,0.003169331,0.099454816,0.796059901,0.785967751,0.806152052,0.002753349,0.002791854,0.002714582,0.002749116
55,0.098821919,0.282487301,-10,0.003572367,0.003420511,0.003896464,0.099454816,0.281360208,0.271268057,0.291452359,0.003358319,0.00332199,0.003392021,0.003361943
56,0.098973291,0.290565767,-10,0.003523917,0.00345378,0.003579805,0.099454816,0.291452359,0.281360208,0.30154451,0.003392021,0.003358319,0.003423144,0.003388969
57,0.09923281,0.865168137,-10,0.003205958,0.002227283,0.003847999,0.099454816,0.866704957,0.856612807,0.876797108,0.002479058,0.002518428,0.00243975,0.0024852
58,0.10005633,0.797563723,-10,0.003228684,0.002970777,0.003446892,0.108610268,0.796059901,0.785967751,0.806152052,0.002748091,0.002786744,0.002709177,0.002747246
59,0.10013993,0.823472427,-10,0.003289224,0.002883007,0.003494226,0.099454816,0.826336354,0.816244203,0.836428505,0.002636444,0.002675598,0.002597167,0.002647151
60,0.100944341,0.83212906,-10,0.003070317,0.00260068,0.00345936,0.099454816,0.836428505,0.826336354,0.846520656,0.002597167,0.002636444,0.002557813,0.002612981
61,0.109512134,0.292150801,-10,0.003489217,0.003325606,0.003579285,0.108610268,0.291452359,0.281360208,0.30154451,0.003395558,0.00336206,0.003426477,0.003398111
62,0.110279441,0.271920445,-10,0.003524703,0.003410229,0.003685249,0.117765719,0.271268057,0.261175906,0.281360208,0.003329576,0.003290986,0.003365495,0.003329037
63,0.110478765,0.262004695,-10,0.00350391,0.003382506,0.003691947,0.117765719,0.261175906,0.251083755,0.271268057,0.003290986,0.00324968,0.003329576,0.003291238
64,0.323299518,0.280226177,-10,0.003389379,0.003328621,0.003534066,0.328341112,0.281360208,0.271268057,0.291452359,0.003373872,0.003341727,0.00340342,0.00337147
65,0.327887589,0.300625252,-10,0.003425245,0.003306005,0.00351975,0.328341112,0.30154451,0.291452359,0.31163666,0.003430416,0.00340342,0.003454908,0.003428173
66,0.330359239,0.273001711,-10,0.003235966,0.003152043,0.003324242,0.337496564,0.271268057,0.261175906,0.281360208,0.003339754,0.003305092,0.003371774,0.00334701
67,0.336842455,0.272217056,-10,0.003474727,0.003278814,0.003823271,0.337496564,0.271268057,0.261175906,0.281360208,0.003339754,0.003305092,0.003371774,0.003343024
68,0.33722314,0.301752066,-10,0.003444256,0.003375,0.003555738,0.337496564,0.30154451,0.291452359,0.31163666,0.003428071,0.003401197,0.00345244,0.003428669
69,0.344755564,0.29358397,-10,0.003394998,0.003242202,0.003490467,0.346652016,0.291452359,0.281360208,0.30154451,0.003398823,0.003369521,0.003425577,0.003405194
70,0.346060962,0.284250375,-10,0.003354617,0.003235336,0.00353917,0.346652016,0.281360208,0.271268057,0.291452359,0.003369521,0.003337623,0.003398823,0.003378328
71,0.346792576,0.287756431,-10,0.003507101,0.003373197,0.003715132,0.355807467,0.291452359,0.281360208,0.30154451,0.003396304,0.003367119,0.003422941,0.003388353
72,0.098316619,0.87224212,0,0.003440502,0.002767113,0.003740266,0.099454816,0.876797108,0.866704957,0.886889259,0.003450779,0.00349553,0.003404427,0.003467516
73,0.098369507,0.301443329,0,0.004552996,0.004417007,0.004731765,0.099454816,0.30154451,0.291452359,0.31163666,0.004489248,0.004452848,0.004520569,0.00448554
74,0.098514549,0.252490738,0,0.004298291,0.004203108,0.004418209,0.099454816,0.251083755,0.240991604,0.261175906,0.004249589,0.004182556,0.004309765,0.004254691
75,0.098538967,0.786373263,0,0.004087143,0.003890445,0.004234391,0.099454816,0.785967751,0.7758756,0.796059901,0.00380664,0.003840653,0.00377167,0.003803978
76,0.098742297,0.274568453,0,0.004490096,0.004382631,0.00467169,0.099454816,0.271268057,0.261175906,0.281360208,0.004363458,0.004309765,0.004411033,0.004377144
77,0.098742364,0.85447359,0,0.004140065,0.003563954,0.004560773,0.099454816,0.856612807,0.846520656,0.866704957,0.003538789,0.003580652,0.00349553,0.003545829
78,0.098753423,0.797269059,0,0.004111864,0.003706639,0.004350218,0.099454816,0.796059901,0.785967751,0.806152052,0.00377167,0.00380664,0.003735693,0.003766316
79,0.098821919,0.282487301,0,0.004539764,0.004293727,0.005244152,0.099454816,0.281360208,0.271268057,0.291452359,0.004411033,0.004363458,0.004452848,0.004413822
80,0.098973291,0.290565767,0,0.004421684,0.004323122,0.004500297,0.099454816,0.291452359,0.281360208,0.30154451,0.004452848,0.004411033,0.004489248,0.004447818
81,0.09923281,0.865168137,0,0.004371204,0.003093049,0.004981808,0.099454816,0.866704957,0.856612807,0.876797108,0.00349553,0.003538789,0.003450779,0.003501546
82,0.10005633,0.797563723,0,0.004428458,0.004121861,0.004784161,0.108610268,0.796059901,0.785967751,0.806152052,0.003784559,0.003818143,0.003750076,0.003767306
83,0.10013993,0.823472427,0,0.004372015,0.003954308,0.004585248,0.099454816,0.826336354,0.816244203,0.836428505,0.003660517,0.003698661,0.003621203,0.003672841
84,0.100944341,0.83212906,0,0.004227108,0.003679953,0.004677854,0.099454816,0.836428505,0.826336354,0.846520656,0.003621203,0.003660517,0.003580652,0.003641348
85,0.109512134,0.292150801,0,0.004378846,0.004175757,0.004486116,0.108610268,0.291452359,0.281360208,0.30154451,0.004481885,0.004441589,0.004516781,0.004487234
86,0.110279441,0.271920445,0,0.00442368,0.00425774,0.004672795,0.117765719,0.271268057,0.261175906,0.281360208,0.004425948,0.004375293,0.004470504,0.004404354
87,0.110478765,0.262004695,0,0.004390732,0.004233657,0.004695766,0.117765719,0.261175906,0.251083755,0.271268057,0.004375293,0.004318168,0.004425948,0.004354542
88,0.323299518,0.280226177,0,0.004257793,0.004163085,0.00448938,0.328341112,0.281360208,0.271268057,0.291452359,0.004698669,0.004675932,0.004715757,0.004699439
89,0.327887589,0.300625252,0,0.004272072,0.00410827,0.00440605,0.328341112,0.30154451,0.291452359,0.31163666,0.004727609,0.004715757,0.004734629,0.004727068
90,0.330359239,0.273001711,0,0.004000875,0.003887948,0.004129364,0.337496564,0.271268057,0.261175906,0.281360208,0.004670017,0.004641638,0.004692312,0.004679026
91,0.336842455,0.272217056,0,0.004327637,0.004098303,0.004659086,0.337496564,0.271268057,0.261175906,0.281360208,0.004670017,0.004641638,0.004692312,0.004672825
92,0.33722314,0.301752066,0,0.004311023,0.004207269,0.004456327,0.337496564,0.30154451,0.291452359,0.31163666,0.004720361,0.004708954,0.004726937,0.004720773
93,0.344755564,0.29358397,0,0.00427554,0.004078387,0.004397721,0.346652016,0.291452359,0.281360208,0.30154451,0.00470122,0.004684987,0.004712216,0.004705658
94,0.346060962,0.284250375,0,0.004181594,0.004020085,0.004417473,0.346652016,0.281360208,0.271268057,0.291452359,0.004684987,0.004663096,0.00470122,0.004690703
95,0.346792576,0.287756431,0,0.004432043,0.004216867,0.004739838,0.355807467,0.291452359,0.281360208,0.30154451,0.004692616,0.004676756,0.004703238,0.004695781
96,0.098316619,0.87224212,10,0.004699232,0.003888824,0.005086253,0.099454816,0.876797108,0.866704957,0.886889259,0.004383512,0.004447345,0.004321048,0.004397226
97,0.098369507,0.301443329,10,0.005564,0.005388005,0.005791869,0.099454816,0.30154451,0.291452359,0.31163666,0.005546246,0.005493305,0.005593699,0.005554576
98,0.098514549,0.252490738,10,0.005192742,0.005057663,0.005358384,0.099454816,0.251083755,0.240991604,0.261175906,0.005215064,0.005125792,0.005295816,0.005232487
99,0.098538967,0.786373263,10,0.005386161,0.005221686,0.005590345,0.099454816,0.785967751,0.7758756,0.796059901,0.004985766,0.005052571,0.004918157,0.004977286
100,0.098742297,0.274568453,10,0.005482182,0.005339355,0.005725283,0.099454816,0.271268057,0.261175906,0.281360208,0.00536869,0.005295816,0.005434316,0.005395895
101,0.098742364,0.85447359,10,0.005412084,0.004794309,0.005907895,0.099454816,0.856612807,0.846520656,0.866704957,0.004512446,0.004578659,0.004447345,0.004518132
102,0.098753423,0.797269059,10,0.005483677,0.005271804,0.005698761,0.099454816,0.796059901,0.785967751,0.806152052,0.004918157,0.004985766,0.004850051,0.004905029
103,0.098821919,0.282487301,10,0.005510626,0.005236288,0.006154288,0.099454816,0.281360208,0.271268057,0.291452359,0.005434316,0.00536869,0.005493305,0.005445847
104,0.098973291,0.290565767,10,0.005370217,0.005263958,0.005433431,0.099454816,0.291452359,0.281360208,0.30154451,0.005493305,0.005434316,0.005546246,0.005492041
105,0.09923281,0.865168137,10,0.005579687,0.0042025,0.006268033,0.099454816,0.866704957,0.856612807,0.876797108,0.004447345,0.004512446,0.004383512,0.004454425
106,0.10005633,0.797563723,10,0.005826203,0.005480187,0.00636387,0.108610268,0.796059901,0.785967751,0.806152052,0.004975569,0.005036866,0.004913845,0.004912262
107,0.10013993,0.823472427,10,0.005728712,0.00521798,0.005872012,0.099454816,0.826336354,0.816244203,0.836428505,0.004713568,0.004781755,0.00464578,0.004739049
108,0.100944341,0.83212906,10,0.005561091,0.004958788,0.006089836,0.099454816,0.836428505,0.826336354,0.846520656,0.00464578,0.004713568,0.004578659,0.004688857
109,0.109512134,0.292150801,10,0.005331188,0.005093265,0.005456692,0.108610268,0.291452359,0.281360208,0.30154451,0.005437163,0.005382124,0.005486342,0.005436544
110,0.110279441,0.271920445,10,0.005373457,0.005141418,0.005738851,0.117765719,0.271268057,0.261175906,0.281360208,0.005296936,0.005232794,0.005354106,0.005318722
111,0.110478765,0.262004695,10,0.005339278,0.005129505,0.00577704,0.117765719,0.261175906,0.251083755,0.271268057,0.005232794,0.005161002,0.005296936,0.005252054
112,0.323299518,0.280226177,10,0.005212936,0.005069503,0.00554976,0.328341112,0.281360208,0.271268057,0.291452359,0.006236205,0.006247646,0.006218846,0.00623678
113,0.327887589,0.300625252,10,0.005193306,0.004991062,0.005372093,0.328341112,0.30154451,0.291452359,0.31163666,0.006196556,0.006218846,0.006170257,0.006198778
114,0.330359239,0.273001711,10,0.004855305,0.004709488,0.005022885,0.337496564,0.271268057,0.261175906,0.281360208,0.006245287,0.006249862,0.006233688,0.006246112
115,0.336842455,0.272217056,10,0.005305715,0.005007081,0.005770931,0.337496564,0.271268057,0.261175906,0.281360208,0.006245287,0.006249862,0.006233688,0.006244836
116,0.33722314,0.301752066,10,0.00527954,0.005137096,0.00545732,0.337496564,0.30154451,0.291452359,0.31163666,0.006193589,0.006216122,0.006167021,0.006193242
117,0.344755564,0.29358397,10,0.005217686,0.004988003,0.005358643,0.346652016,0.291452359,0.281360208,0.30154451,0.006208236,0.006225798,0.006185669,0.006205895
118,0.346060962,0.284250375,10,0.005100952,0.00490029,0.005403086,0.346652016,0.281360208,0.271268057,0.291452359,0.006225798,0.006237345,0.006208236,0.006222001
119,0.346792576,0.287756431,10,0.005459293,0.005129714,0.005888811,0.355807467,0.291452359,0.281360208,0.30154451,0.006195476,0.006212838,0.006173071,0.00621514
120,0.098316619,0.87224212,20,0.006131652,0.005258985,0.006584414,0.099454816,0.876797108,0.866704957,0.886889259,0.00621901,0.006287082,0.006148888,0.006259066
121,0.098369507,0.301443329,20,0.006662342,0.006421467,0.00692711,0.099454816,0.30154451,0.291452359,0.31163666,0.006652225,0.006582853,0.006716622,0.006665844
122,0.098514549,0.252490738,20,0.006169594,0.005993903,0.006347942,0.099454816,0.251083755,0.240991604,0.261175906,0.006242933,0.006138483,0.006338738,0.006265457
123,0.098538967,0.786373263,20,0.006828958,0.006587477,0.007075203,0.099454816,0.785967751,0.7758756,0.796059901,0.006769226,0.006822001,0.006714735,0.006781885
124,0.098742297,0.274568453,20,0.006521591,0.006390902,0.006831995,0.099454816,0.271268057,0.261175906,0.281360208,0.006426799,0.006338738,0.006507928,0.006461871
125,0.098742364,0.85447359,20,0.006870267,0.006221691,0.007436216,0.099454816,0.856612807,0.846520656,0.866704957,0.006353255,0.006417644,0.006287082,0.00637408
126,0.098753423,0.797269059,20,0.006953478,0.006774041,0.007138925,0.099454816,0.796059901,0.785967751,0.806152052,0.006714735,0.006769226,0.006658576,0.006718795
127,0.098821919,0.282487301,20,0.006610735,0.00621788,0.007336266,0.099454816,0.281360208,0.271268057,0.291452359,0.006507928,0.006426799,0.006582853,0.006523919
128,0.098973291,0.290565767,20,0.00640749,0.006290257,0.006492211,0.099454816,0.291452359,0.281360208,0.30154451,0.006582853,0.006507928,0.006652225,0.006582366
129,0.09923281,0.865168137,20,0.006948842,0.005623354,0.007698975,0.099454816,0.866704957,0.856612807,0.876797108,0.006287082,0.006353255,0.00621901,0.006299194
130,0.10005633,0.797563723,20,0.00735503,0.006982853,0.008027767,0.108610268,0.796059901,0.785967751,0.806152052,0.006591494,0.00663899,0.006542683,0.006697467
131,0.10013993,0.823472427,20,0.007155153,0.006659235,0.007295642,0.099454816,0.826336354,0.816244203,0.836428505,0.006541368,0.006600782,0.00648033,0.006549695
132,0.100944341,0.83212906,20,0.007046779,0.006388824,0.007645171,0.099454816,0.836428505,0.826336354,0.846520656,0.00648033,0.006541368,0.006417644,0.006489055
133,0.109512134,0.292150801,20,0.006333958,0.005959851,0.006524167,0.108610268,0.291452359,0.281360208,0.30154451,0.006491415,0.006423533,0.006553879,0.006488864
134,0.110279441,0.271920445,20,0.006396917,0.006100698,0.006910317,0.117765719,0.271268057,0.261175906,0.281360208,0.006307133,0.006233177,0.006374353,0.006344288
135,0.110478765,0.262004695,20,0.006363885,0.006095015,0.006952149,0.117765719,0.261175906,0.251083755,0.271268057,0.006233177,0.006151645,0.006307133,0.006265684
136,0.323299518,0.280226177,20,0.006143895,0.005821699,0.006653313,0.328341112,0.281360208,0.271268057,0.291452359,0.007587071,0.007581165,0.007586593,0.007582295
137,0.327887589,0.300625252,20,0.006157525,0.005899443,0.00638249,0.328341112,0.30154451,0.291452359,0.31163666,0.007580648,0.007586593,0.007570066,0.007581073
138,0.330359239,0.273001711,20,0.005747142,0.005584245,0.005968898,0.337496564,0.271268057,0.261175906,0.281360208,0.007583247,0.007569549,0.007589464,0.007583785
139,0.336842455,0.272217056,20,0.006311969,0.005953453,0.006892348,0.337496564,0.271268057,0.261175906,0.281360208,0.007583247,0.007569549,0.007589464,0.007584226
140,0.33722314,0.301752066,20,0.006281483,0.006119283,0.00650695,0.337496564,0.30154451,0.291452359,0.31163666,0.007583445,0.007589221,0.007572971,0.00758329
141,0.344755564,0.29358397,20,0.006203146,0.006027443,0.006358086,0.346652016,0.291452359,0.281360208,0.30154451,0.007584925,0.007584783,0.007579466,0.007585632
142,0.346060962,0.284250375,20,0.006052464,0.005806123,0.00645853,0.346652016,0.281360208,0.271268057,0.291452359,0.007584783,0.007578108,0.007584925,0.007585949
143,0.346792576,0.287756431,20,0.006507995,0.006122397,0.007027548,0.355807467,0.291452359,0.281360208,0.30154451,0.007574083,0.007573419,0.007569079,0.00758545
144,0.098316619,0.87224212,30,0.0076835,0.006805248,0.008156537,0.099454816,0.876797108,0.866704957,0.886889259,0.006496429,0.006645203,0.006336212,0.006496429
145,0.098369507,0.301443329,30,0.007774659,0.0074879,0.008101792,0.099454816,0.30154451,0.291452359,0.31163666,0.007720947,0.00761795,0.007816315,0.00775528
146,0.098514549,0.252490738,30,0.007142872,0.006956752,0.007310505,0.099454816,0.251083755,0.240991604,0.261175906,0.007148743,0.007003784,0.007274628,0.007194519
147,0.098538967,0.786373263,30,0.008348538,0.008006732,0.008631469,0.099454816,0.785967751,0.7758756,0.796059901,0.007705688,0.007808685,0.007587433,0.007663727
148,0.098742297,0.274568453,30,0.007550798,0.00730723,0.007913276,0.099454816,0.271268057,0.261175906,0.281360208,0.007396698,0.007274628,0.007511139,0.007461548
149,0.098742364,0.85447359,30,0.00834345,0.007684081,0.008961357,0.099454816,0.856612807,0.846520656,0.866704957,0.006797791,0.006942749,0.006645203,0.006790161
150,0.098753423,0.797269059,30,0.008321693,0.007666373,0.008635189,0.099454816,0.796059901,0.785967751,0.806152052,0.007587433,0.007705688,0.007472992,0.007553101
151,0.098821919,0.282487301,30,0.007645402,0.007219402,0.008233294,0.099454816,0.281360208,0.271268057,0.291452359,0.007511139,0.007396698,0.00761795,0.007545471
152,0.098973291,0.290565767,30,0.007473296,0.007328262,0.007574847,0.099454816,0.291452359,0.281360208,0.30154451,0.00761795,0.007511139,0.007720947,0.00762558
153,0.09923281,0.865168137,30,0.008371464,0.007443129,0.009155559,0.099454816,0.866704957,0.856612807,0.876797108,0.006645203,0.006797791,0.006496429,0.006656647
154,0.10005633,0.797563723,30,0.008962265,0.008563441,0.009629483,0.108610268,0.796059901,0.785967751,0.806152052,0.007904053,0.007995605,0.007801056,0.007598877
155,0.10013993,0.823472427,30,0.008565234,0.008096231,0.008700701,0.099454816,0.826336354,0.816244203,0.836428505,0.007217407,0.007347107,0.007083893,0.007282257
156,0.100944341,0.83212906,30,0.008559471,0.007873983,0.009278976,0.099454816,0.836428505,0.826336354,0.846520656,0.007083893,0.007217407,0.006942749,0.007209778
157,0.109512134,0.292150801,30,0.007333978,0.006788976,0.007583436,0.108610268,0.291452359,0.281360208,0.30154451,0.00737381,0.007266998,0.007476807,0.007362366
158,0.110279441,0.271920445,30,0.007417355,0.00706813,0.008057593,0.117765719,0.271268057,0.261175906,0.281360208,0.007015228,0.006900787,0.00712204,0.007129669
159,0.110478765,0.262004695,30,0.0073917,0.007067425,0.008115889,0.117765719,0.261175906,0.251083755,0.271268057,0.006900787,0.006778717,0.007015228,0.007011414
160,0.323299518,0.280226177,30,0.007147915,0.006872148,0.007750983,0.328341112,0.281360208,0.271268057,0.291452359,0.009597778,0.009647369,0.009536743,0.009605408
161,0.327887589,0.300625252,30,0.007095384,0.006802919,0.007320746,0.328341112,0.30154451,0.291452359,0.31163666,0.009479523,0.009536743,0.009414673,0.009487152
162,0.330359239,0.273001711,30,0.006635768,0.006447087,0.006901527,0.337496564,0.271268057,0.261175906,0.281360208,0.009628296,0.009666443,0.009578705,0.009635925
163,0.336842455,0.272217056,30,0.007324634,0.006869262,0.008138412,0.337496564,0.271268057,0.261175906,0.281360208,0.009628296,0.009666443,0.009578705,0.009624481
164,0.33722314,0.301752066,30,0.007269626,0.007117609,0.007470148,0.337496564,0.30154451,0.291452359,0.31163666,0.009464264,0.009521484,0.009399414,0.009464264
165,0.344755564,0.29358397,30,0.007153662,0.006885323,0.007377695,0.346652016,0.291452359,0.281360208,0.30154451,0.009490967,0.009536743,0.009429932,0.009483337
166,0.346060962,0.284250375,30,0.006986622,0.006677896,0.007490642,0.346652016,0.281360208,0.271268057,0.291452359,0.009536743,0.009586334,0.009490967,0.009529114
167,0.346792576,0.287756431,30,0.007551389,0.007099812,0.0081728,0.355807467,0.291452359,0.281360208,0.30154451,0.009441376,0.009490967,0.00938797,0.009506226
168,0.098316619,0.87224212,40,0.00937009,0.00854958,0.009812112,0.099454816,0.876797108,0.866704957,0.886889259,0.009941938,0.010001599,0.009878551,0.009999821
169,0.098369507,0.301443329,40,0.008916329,0.008597948,0.009325187,0.099454816,0.30154451,0.291452359,0.31163666,0.008942756,0.008831441,0.009047947,0.008963999
170,0.098514549,0.252490738,40,0.008123894,0.007944786,0.008269644,0.099454816,0.251083755,0.240991604,0.261175906,0.00830883,0.008153894,0.008452951,0.008343512
171,0.098538967,0.786373263,40,0.010070306,0.009795898,0.010340697,0.099454816,0.785967751,0.7758756,0.796059901,0.010376413,0.010412525,0.010338062,0.010407448
172,0.098742297,0.274568453,40,0.008612022,0.008400231,0.009009112,0.099454816,0.271268057,0.261175906,0.281360208,0.008587418,0.008452951,0.00871327,0.008641839
173,0.098742364,0.85447359,40,0.009940339,0.009271836,0.010579691,0.099454816,0.856612807,0.846520656,0.866704957,0.010057891,0.010111113,0.010001599,0.010089972
174,0.098753423,0.797269059,40,0.010001685,0.009535963,0.010232958,0.099454816,0.796059901,0.785967751,0.806152052,0.010338062,0.010376413,0.010297455,0.010357557
175,0.098821919,0.282487301,40,0.008726059,0.008296531,0.009183957,0.099454816,0.281360208,0.271268057,0.291452359,0.00871327,0.008587418,0.008831441,0.008738373
176,0.098973291,0.290565767,40,0.0085728,0.008399076,0.008690855,0.099454816,0.291452359,0.281360208,0.30154451,0.008831441,0.00871327,0.008942756,0.00883054
177,0.09923281,0.865168137,40,0.009797256,0.008879312,0.010617755,0.099454816,0.866704957,0.856612807,0.876797108,0.010001599,0.010057891,0.009941938,0.010016457
178,0.10005633,0.797563723,40,0.01059314,0.010264016,0.011054331,0.108610268,0.796059901,0.785967751,0.806152052,0.010056057,0.010087502,0.010022863,0.0103117
179,0.10013993,0.823472427,40,0.010048084,0.009332211,0.010282298,0.099454816,0.826336354,0.816244203,0.836428505,0.01020927,0.010254549,0.010161507,0.010200688
180,0.100944341,0.83212906,40,0.010163732,0.00947316,0.010946347,0.099454816,0.836428505,0.826336354,0.846520656,0.010161507,0.01020927,0.010111113,0.010136788
181,0.109512134,0.292150801,40,0.008411189,0.007788298,0.008725204,0.108610268,0.291452359,0.281360208,0.30154451,0.00869028,0.008582298,0.008791538,0.008686885
182,0.110279441,0.271920445,40,0.00848342,0.008098677,0.009234849,0.117765719,0.271268057,0.261175906,0.281360208,0.008404124,0.008289734,0.008510076,0.008458864
183,0.110478765,0.262004695,40,0.008446217,0.008060837,0.00929082,0.117765719,0.261175906,0.251083755,0.271268057,0.008289734,0.008165826,0.008404124,0.008337876
184,0.323299518,0.280226177,40,0.008203791,0.007819344,0.009062343,0.328341112,0.281360208,0.271268057,0.291452359,0.010583377,0.010552662,0.010605497,0.01057541
185,0.327887589,0.300625252,40,0.008070945,0.007768311,0.008374781,0.328341112,0.30154451,0.291452359,0.31163666,0.01062017,0.010605497,0.010628427,0.010618753
186,0.330359239,0.273001711,40,0.007559983,0.007370035,0.007750835,0.337496564,0.271268057,0.261175906,0.281360208,0.010551186,0.010509538,0.010582851,0.010559384
187,0.336842455,0.272217056,40,0.008243008,0.007847756,0.008685755,0.337496564,0.271268057,0.261175906,0.281360208,0.010551186,0.010509538,0.010582851,0.010555074
188,0.33722314,0.301752066,40,0.00826665,0.008032751,0.008642683,0.337496564,0.30154451,0.291452359,0.31163666,0.010621232,0.010605814,0.010630146,0.010621616
189,0.344755564,0.29358397,40,0.008183907,0.007851887,0.008487163,0.346652016,0.291452359,0.281360208,0.30154451,0.010594429,0.010570438,0.010610778,0.010601723
190,0.346060962,0.284250375,40,0.007969385,0.007620743,0.008395763,0.346652016,0.281360208,0.271268057,0.291452359,0.010570438,0.010537639,0.010594429,0.010579281
191,0.346792576,0.287756431,40,0.008625744,0.00812175,0.009335199,0.355807467,0.291452359,0.281360208,0.30154451,0.010572044,0.010546858,0.010589491,0.01058632
192,0.098316619,0.87224212,50,0.011039742,0.010235282,0.011477161,0.099454816,0.876797108,0.866704957,0.886889259,0.009803772,0.00995636,0.009651184,0.009788513
193,0.098369507,0.301443329,50,0.010056438,0.009769646,0.010618794,0.099454816,0.30154451,0.291452359,0.31163666,0.010498047,0.010368347,0.010612488,0.010543823
194,0.098514549,0.252490738,50,0.009179358,0.009012317,0.009304116,0.099454816,0.251083755,0.240991604,0.261175906,0.009765625,0.009590149,0.009933472,0.009841919
195,0.098538967,0.786373263,50,0.0118514,0.011396737,0.01265744,0.099454816,0.785967751,0.7758756,0.796059901,0.011070251,0.011192322,0.010948181,0.011024475
196,0.098742297,0.274568453,50,0.009741761,0.009509641,0.010077786,0.099454816,0.271268057,0.261175906,0.281360208,0.010093689,0.009933472,0.010231018,0.010169983
197,0.098742364,0.85447359,50,0.011567794,0.010928399,0.012237121,0.099454816,0.856612807,0.846520656,0.866704957,0.010108948,0.010261536,0.00995636,0.010093689
198,0.098753423,0.797269059,50,0.011655247,0.011144865,0.011886801,0.099454816,0.796059901,0.785967751,0.806152052,0.010948181,0.011070251,0.010818481,0.010894775
199,0.098821919,0.282487301,50,0.009833276,0.009400858,0.010257918,0.099454816,0.281360208,0.271268057,0.291452359,0.010231018,0.010093689,0.010368347,0.010276794
200,0.098973291,0.290565767,50,0.00972699,0.009532258,0.009868253,0.099454816,0.291452359,0.281360208,0.30154451,0.010368347,0.010231018,0.010498047,0.010375977
201,0.09923281,0.865168137,50,0.011256521,0.010125423,0.012138681,0.099454816,0.866704957,0.856612807,0.876797108,0.00995636,0.010108948,0.009803772,0.009963989
202,0.10005633,0.797563723,50,0.01230816,0.01198376,0.012730187,0.108610268,0.796059901,0.785967751,0.806152052,0.011322021,0.011421204,0.01121521,0.010955811
203,0.10013993,0.823472427,50,0.011715577,0.011395957,0.011926179,0.099454816,0.826336354,0.816244203,0.836428505,0.010543823,0.010688782,0.010398865,0.010620117
204,0.100944341,0.83212906,50,0.011672843,0.011118132,0.012075891,0.099454816,0.836428505,0.826336354,0.846520656,0.010398865,0.010543823,0.010261536,0.010543823
205,0.109512134,0.292150801,50,0.009534646,0.008894591,0.009892012,0.108610268,0.291452359,0.281360208,0.30154451,0.010009766,0.009880066,0.010139465,0.009994507
206,0.110279441,0.271920445,50,0.009607871,0.009146365,0.01043993,0.117765719,0.271268057,0.261175906,0.281360208,0.009506226,0.009361267,0.009651184,0.009689331
207,0.110478765,0.262004695,50,0.009574295,0.009113607,0.010654535,0.117765719,0.261175906,0.251083755,0.271268057,0.009361267,0.00920105,0.009506226,0.009544373
208,0.323299518,0.280226177,50,0.009258137,0.008796472,0.010368257,0.328341112,0.281360208,0.271268057,0.291452359,0.012832642,0.012863159,0.012794495,0.012825012
209,0.327887589,0.300625252,50,0.009077114,0.00874672,0.009426803,0.328341112,0.30154451,0.291452359,0.31163666,0.012748718,0.012794495,0.012702942,0.012756348
210,0.330359239,0.273001711,50,0.008557215,0.008293468,0.008907658,0.337496564,0.271268057,0.261175906,0.281360208,0.012840271,0.01285553,0.012817383,0.01285553
211,0.336842455,0.272217056,50,0.009229884,0.008843204,0.009576245,0.337496564,0.271268057,0.261175906,0.281360208,0.012840271,0.01285553,0.012817383,0.012832642
212,0.33722314,0.301752066,50,0.009307704,0.009133965,0.009700811,0.337496564,0.30154451,0.291452359,0.31163666,0.012748718,0.012786865,0.012695313,0.012741089
213,0.344755564,0.29358397,50,0.009205002,0.008892146,0.009533183,0.346652016,0.291452359,0.281360208,0.30154451,0.012748718,0.012779236,0.012710571,0.012748718
214,0.346060962,0.284250375,50,0.009001828,0.008593272,0.009663638,0.346652016,0.281360208,0.271268057,0.291452359,0.012779236,0.012802124,0.012748718,0.012771606
215,0.346792576,0.287756431,50,0.009738282,0.009138207,0.010519007,0.355807467,0.291452359,0.281360208,0.30154451,0.012695313,0.012718201,0.012657166,0.012756348
216,0.098316619,0.87224212,60,0.01285775,0.011979789,0.013255481,0.099454816,0.876797108,0.866704957,0.886889259,0.014366522,0.014377132,0.014350131,0.014444098
217,0.098369507,0.301443329,60,0.011200957,0.010930744,0.011826552,0.099454816,0.30154451,0.291452359,0.31163666,0.01183942,0.011695608,0.011974648,0.011880949
218,0.098514549,0.252490738,60,0.010283222,0.010038813,0.010446429,0.099454816,0.251083755,0.240991604,0.261175906,0.01101023,0.010803893,0.01120092,0.011067569
219,0.098538967,0.786373263,60,0.013432665,0.013000657,0.013698335,0.099454816,0.785967751,0.7758756,0.796059901,0.014351726,0.014342472,0.014360398,0.014416799
220,0.098742297,0.274568453,60,0.010905983,0.010693234,0.011182024,0.099454816,0.271268057,0.261175906,0.281360208,0.011377677,0.01120092,0.011542112,0.011457786
221,0.098742364,0.85447359,60,0.013300257,0.012700819,0.013896084,0.099454816,0.856612807,0.846520656,0.866704957,0.014382973,0.014384985,0.014377132,0.014430046
222,0.098753423,0.797269059,60,0.013481911,0.01324023,0.013651587,0.099454816,0.796059901,0.785967751,0.806152052,0.014360398,0.014351726,0.014368281,0.014410377
223,0.098821919,0.282487301,60,0.01098748,0.010568345,0.011406173,0.099454816,0.281360208,0.271268057,0.291452359,0.011542112,0.011377677,0.011695608,0.011582762
224,0.098973291,0.290565767,60,0.010972453,0.010692816,0.011174392,0.099454816,0.291452359,0.281360208,0.30154451,0.011695608,0.011542112,0.01183942,0.011700571
225,0.09923281,0.865168137,60,0.012845283,0.011985195,0.013732377,0.099454816,0.866704957,0.856612807,0.876797108,0.014377132,0.014382973,0.014366522,0.014392406
226,0.10005633,0.797563723,60,0.013902876,0.01368625,0.014339347,0.108610268,0.796059901,0.785967751,0.806152052,0.013788313,0.013774693,0.013801754,0.014320239
227,0.10013993,0.823472427,60,0.013426505,0.013100789,0.013683316,0.099454816,0.826336354,0.816244203,0.836428505,0.014380425,0.014375046,0.014383897,0.014333203
228,0.100944341,0.83212906,60,0.013299481,0.012868104,0.01352585,0.099454816,0.836428505,0.826336354,0.846520656,0.014383897,0.014380425,0.014384985,0.014285013
229,0.109512134,0.292150801,60,0.010684435,0.010036749,0.011025094,0.108610268,0.291452359,0.281360208,0.30154451,0.011409819,0.011270046,0.011540145,0.011396587
230,0.110279441,0.271920445,60,0.010749269,0.010215452,0.011739184,0.117765719,0.271268057,0.261175906,0.281360208,0.010959744,0.010810062,0.011097446,0.011093408
231,0.110478765,0.262004695,60,0.010691972,0.010188022,0.011871291,0.117765719,0.261175906,0.251083755,0.271268057,0.010810062,0.010646805,0.010959744,0.010933071
232,0.323299518,0.280226177,60,0.010344898,0.009861814,0.011619611,0.328341112,0.281360208,0.271268057,0.291452359,0.013869032,0.013817191,0.013910592,0.013860896
233,0.327887589,0.300625252,60,0.010182532,0.009757528,0.010608271,0.328341112,0.30154451,0.291452359,0.31163666,0.013943285,0.013910592,0.013968334,0.013940468
234,0.330359239,0.273001711,60,0.009679032,0.00930267,0.010174599,0.337496564,0.271268057,0.261175906,0.281360208,0.013805673,0.013739944,0.013859496,0.013826072
235,0.336842455,0.272217056,60,0.010294084,0.009947111,0.010581044,0.337496564,0.271268057,0.261175906,0.281360208,0.013805673,0.013739944,0.013859496,0.013812661
236,0.33722314,0.301752066,60,0.010363421,0.010184674,0.010719953,0.337496564,0.30154451,0.291452359,0.31163666,0.013937488,0.013902962,0.01396431,0.013938546
237,0.344755564,0.29358397,60,0.010277286,0.010045783,0.010620837,0.346652016,0.291452359,0.281360208,0.30154451,0.013877124,0.013831541,0.013913706,0.013892248
238,0.346060962,0.284250375,60,0.010146354,0.009679598,0.010575875,0.346652016,0.281360208,0.271268057,0.291452359,0.013831541,0.013775527,0.013877124,0.013847873
239,0.346792576,0.287756431,60,0.010907495,0.010155456,0.011767016,0.355807467,0.291452359,0.281360208,0.30154451,0.013834193,0.013786271,0.013873056,0.013861001
